date,mention_count
2026-08-14,1
2026-08-18,2
2026-08-19,1
2026-08-27,1
2026-08-30,1
2026-08-31,1
2026-09-01,1
2026-09-02,1
2026-09-04,1
2026-09-05,1
2026-09-07,10
2026-09-08,5
2026-09-09,13
2026-09-10,9
2026-09-11,16
2026-09-12,13
2026-09-13,24
2026-09-14,149
2026-09-15,77
2026-09-16,41
2026-09-17,56
2026-09-18,39
2026-09-19,26
2026-09-20,12
2026-09-21,50
2026-09-22,45
2026-09-23,32
2026-09-24,29
2026-09-25,32
2026-09-26,20
2026-09-27,12
2026-09-28,39
2026-09-29,65
2026-09-30,51
2026-10-01,27
2026-10-02,20
2026-10-03,7
2026-10-04,11
2026-10-05,36
2026-10-06,30
